<hibernate-configuration xmlns="http://www.hibernate.org/xsd/orm/cfg">
    <session-factory>
        <property name="hibernate.connection.driver.class">com.mysql.cj.jdbc.Driver</property>
        <property name="hibernate.connection.url">jdbc:mysql://localhost:3308/practicaEv2</property>
        <property name="hibernate.connection.username">root</property>
        <property name="hibernate.connection.password"></property>
        <property name="hibernate.dialect">org.hibernate.dialect.MySQLDialect</property>
        <property name="show_sql">true</property>
    </session-factory>
</hibernate-configuration>